Name,City,Country,Domes,Status,EPN Inclusion,Station Log,Station Owner,TectonicPlate,Latitude,Longitude,Elevation,X,Y,Z,IGS,EPOS,ITRF2014,IGS14,ITRF2020,IGS20,Tipo,Carpeta
ACOR00ESP,A Coruna,ESP,13434M001,included,1999-09-05,acor00esp_20250128.log,IGE,EURASIAN,43.3644,-8.3989,67.0,4594489.94,-678368.07,4357065.9,,included,ITRF2014,,ITRF2020,,S,EUREF
AJAC00FRA,Ajaccio,FRA,10077M005,included,2000-02-20,ajac00fra_20240717.log,IGN_RGP,EURASIAN,41.9275,8.7626,98.8,4696990.0,723994.0,4239678.0,included,included,ITRF2014,IGS14,ITRF2020,IGS20,S,IGS
ALAC00ESP,Alicante,ESP,13433M001,included,1999-09-05,alac00esp_20240315.log,IGE,EURASIAN,38.3389,-0.4812,60.3,5009051.41,-42072.47,3935057.48,included,included,ITRF2014,,ITRF2020,,S,IGS
ALBA00ESP,Albacete,ESP,13452M001,included,2007-09-09,alba00esp_20240315.log,IGE,EURASIAN,38.9779,-1.8564,751.6,4962848.13,-160854.39,3990884.14,,included,,,,,S,EUREF
ALME00ESP,Almeria,ESP,13437M001,included,2001-01-21,alme00esp_20230913.log,IGE,EURASIAN,36.8525,-2.4595,127.5,5105220.29,-219278.78,3804386.86,,included,ITRF2014,,ITRF2020,,S,EUREF
AUBG00DEU,Augsburg,DEU,10913M001,included,2016-08-14,aubg00deu_20250429.log,BKG,EURASIAN,48.4213,10.9213,508.6,4164312.9,803525.9,4748474.9,,included,,,,,S,EUREF
BAUT00DEU,Bautzen,DEU,14102M001,included,2019-05-05,baut00deu_20250429.log,BKG,EURASIAN,51.1923,14.5217,211.8,3877545.5,1004370.9,4947148.1,included,included,,,,,S,IGS
BCLN00ESP,Sant Vicenc dels Horts,ESP,13412M001,included,2015-08-02,bcln00esp_20230720.log,IGE,EURASIAN,41.4054,2.0042,84.7,4788065.0,167551.0,4196355.0,,included,,,,,S,EUREF
BELL00ESP,Bellmunt de Segarra,ESP,13431M001,included,1999-01-31,bell00esp_20240909.log,ICGC,EURASIAN,41.5996,1.4011,852.5,4775849.0,116814.0,4213018.0,,included,ITRF2014,,ITRF2020,,S,EUREF
BORJ00DEU,Borkum (Island of Borkum),DEU,14268M002,included,2006-12-24,borj00deu_20250429.log,BKG,EURASIAN,53.5789,6.6664,53.0,3769402.8,440564.5,5109099.2,,included,ITRF2014,,ITRF2020,,S,EUREF
BRMF00FRA,Bron,FRA,19686M002,included,2015-07-26,brmf00fra_20240716.log,IGN_RGP,EURASIAN,45.7261,4.9384,256.7,4443793.0,383967.2,4544228.6,,included,,,,,S,EUREF
BRMG00DEU,Bremgarten,DEU,10918M001,included,2020-05-24,brmg00deu_20250429.log,BKG,EURASIAN,47.9077,7.6329,261.6,4245557.1,568958.1,4710200.0,included,included,,,,,S,IGS
BRST00FRA,Brest,FRA,10004M004,included,1998-12-06,brst00fra_20240702.log,IGN_RGP,EURASIAN,48.3805,-4.4966,65.5,4231162.0,-332747.0,4745131.0,included,included,ITRF2014,IGS14,ITRF2020,IGS20,S,IGS
BRUX00BEL,Brussels,BEL,13101M010,included,2012-03-11,brux00bel_20230124.log,ROB,EURASIAN,50.7981,4.3586,158.3,4027881.63,306998.54,4919498.98,included,included,ITRF2014,IGS14,ITRF2020,IGS20,S,IGS
BSCN00FRA,Besançon,FRA,10028M007,included,2005-12-18,bscn00fra_20240716.log,IGN_RGP,EURASIAN,47.2469,5.9894,358.6,4314139.0,452626.0,4660703.0,,included,,,,,S,EUREF
BUCU00ROU,Bucuresti,ROU,11401M001,included,1999-02-21,bucu00rou_20250613.log,TUCEB,EURASIAN,44.4639,26.1257,143.2,4093760.99,2007793.67,4445129.86,included,included,ITRF2014,IGS14,ITRF2020,IGS20,S,IGS
BUTE00HUN,Budapest,HUN,11209M001,included,2004-10-31,bute00hun_20240723.log,BMEDGS,EURASIAN,47.4809,19.0565,180.9,4081882.42,1410011.13,4678199.42,,included,,,,,S,EUREF
CACE00ESP,Caceres,ESP,13447M001,included,2001-08-19,cace00esp_20250319.log,IGE,EURASIAN,39.4789,-6.3418,437.9,4899866.0,-544567.0,4033773.0,included,included,,,ITRF2020,,S,IGS
CANT00ESP,Santander,ESP,13438M001,included,2001-01-21,cant00esp_20250509.log,IGE,EURASIAN,43.472,-3.7981,99.3,4625924.68,-307096.78,4365771.15,included,included,ITRF2014,,ITRF2020,,S,IGS
CARG00ESP,Cartagena,ESP,19412M001,included,2015-09-27,carg00esp_20241021.log,IGE,EURASIAN,37.5966,-0.9739,57.3,5059185.52,-85999.15,3870099.23,,included,,,,,S,EUREF
CASC00PRT,Cascais,PRT,13909S001,included,1998-09-20,casc00prt_20250414.log,DGT,EURASIAN,38.6934,-9.4185,77.1,4917537.87,-815726.53,3965857.98,included,included,ITRF2014,,ITRF2020,,S,IGS
CEU100ESP,Ceuta,ESP,13449M002,included,2008-03-09,ceu100esp_20230831.log,IGE,AFRICAN,35.892,-5.3064,52.4,5150907.98,-478415.09,3718518.22,,included,ITRF2014,,ITRF2020,,S,EUREF
CFRM00CZE,Frydek Mistek,CZE,11525M001,included,2010-03-21,cfrm00cze_20250218.log,ZU,EURASIAN,49.6848,18.3532,373.6,3924573.26,1301971.08,4840464.42,,included,,,,,S,EUREF
CLIB00CZE,Liberec,CZE,11526M001,included,2010-03-21,clib00cze_20250218.log,ZU,EURASIAN,50.7717,15.0599,448.4,3903195.49,1050232.28,4917869.73,,included,,,,,S,EUREF
COBA00ESP,Cordoba,ESP,13453M001,included,2005-02-27,coba00esp_20240411.log,IGE,EURASIAN,37.9157,-4.7211,212.8,5021261.4,-414685.5,3898192.7,,included,,,,,S,EUREF
CPAR00CZE,Pardubice,CZE,11527M001,included,2010-03-21,cpar00cze_20250218.log,ZU,EURASIAN,50.0395,15.7832,283.3,3949919.12,1116467.15,4865832.52,,included,,,,,S,EUREF
CRAK00CZE,Rakovnik,CZE,11528M001,included,2010-03-21,crak00cze_20250724.log,ZU,EURASIAN,50.1024,13.7292,381.9,3982251.4,972921.28,4870394.76,,included,,,,,S,EUREF
CREU00ESP,Cadaques,ESP,13432M001,included,1999-01-31,creu00esp_20240913.log,ICGC,EURASIAN,42.3188,3.3156,132.7,4715420.0,273177.0,4271946.0,,included,,,,,S,EUREF
CTAB00CZE,Tabor,CZE,11529M001,included,2010-03-21,ctab00cze_20250218.log,ZU,EURASIAN,49.4098,14.6802,495.2,4022509.6,1053801.48,4820711.47,,included,,,,,S,EUREF
DARE00GBR,Daresbury,GBR,13208S001,included,2003-07-27,dare00gbr_20250618.log,OS,EURASIAN,53.3448,-2.6405,87.7,3811965.0,-175800.0,5093615.0,,included,,,ITRF2020,,S,EUREF
DELF00NLD,Delft,NLD,13502M004,included,1996-02-18,delf00nld_20230630.log,DUT,EURASIAN,51.9861,4.3876,74.4,3924687.74,301132.77,5001910.8,,included,,,,,R,EUREF
DENT00BEL,Dentergem,BEL,13112M001,included,1996-01-14,dent00bel_20250415.log,ROB,EURASIAN,50.9337,3.3997,63.9,4020711.6,238850.99,4928949.57,,included,,,,,S,EUREF
DIEP00DEU,Diepholz,DEU,14287M001,included,2016-08-14,diep00deu_20250429.log,BKG,EURASIAN,52.5881,8.3422,81.7,3842152.8,563402.1,5042888.6,,included,,,ITRF2020,,S,EUREF
DILL00DEU,Dillingen,DEU,14286M001,included,2016-08-14,dill00deu_20250725.log,BKG,EURASIAN,49.3716,6.6997,227.6,4132892.2,485479.5,4817740.6,,included,,,ITRF2020,,S,EUREF
DLF100NLD,Delft,NLD,13502M009,included,2015-09-27,dlf100nld_20230425.log,DUT,EURASIAN,51.986,4.3875,75.8,3924697.94,301124.89,5001905.15,included,included,,,ITRF2020,IGS20,R,IGS
DOUR00BEL,Dourbes,BEL,13113M001,included,1996-01-14,dour00bel_20250513.log,ROB,EURASIAN,50.0949,4.595,282.7,4086778.26,328451.86,4869782.54,,included,,,,,S,EUREF
DYNG00GRC,DIONYSOS,GRC,12602M006,included,2013-10-20,dyng00grc_20250826.log,CNES,EURASIAN,38.0786,23.9324,510.6,4595220.02,2039434.08,3912626.01,included,included,ITRF2014,,ITRF2020,IGS20,"R,S",IGS
EBRE00ESP,Roquetes,ESP,13410M001,included,1996-10-13,ebre00esp_20240718.log,ICGC,EURASIAN,40.8209,0.4924,107.3,4833520.0,41536.0,4147461.0,included,included,ITRF2014,IGS14,ITRF2020,IGS20,S,IGS
EIJS00NLD,Eijsden,NLD,13533M001,included,1999-06-20,eijs00nld_20230417.log,KAD,EURASIAN,50.7582,5.6836,103.8,4023086.53,400394.88,4916655.32,,included,,,ITRF2020,,R,EUREF
FFMJ00DEU,Frankfurt / Main,DEU,14279M001,included,2019-12-15,ffmj00deu_20250515.log,BKG,EURASIAN,50.0906,8.665,178.3,4053455.7,617729.9,4869395.9,included,included,,,ITRF2020,,S,IGS
FINS00FIN,Finstrom,FIN,10523M001,included,2017-03-19,fins00fin_20250903.log,FGI,EURASIAN,60.2291,19.9513,53.4,2984444.5,1083375.68,5513243.09,,included,,,,,R,EUREF
FLRS00PRT,Santa Cruz das Flores,PRT,31907M001,included,2008-08-31,flrs00prt_20250414.log,DGT,NORTH AMERICAN,39.4538,-31.1264,79.9,4221530.01,-2549242.33,4031397.8,included,included,ITRF2014,IGS14,ITRF2020,IGS20,S,IGS
FUNC00PRT,Funchal,PRT,13911S001,included,2008-07-06,func00prt_20250414.log,DGT,AFRICAN,32.6479,-16.9076,78.5,5143339.43,-1563412.87,3421191.44,included,included,ITRF2014,IGS14,ITRF2020,IGS20,S,IGS
GAIA00PRT,Gaia,PRT,13902M001,included,2001-02-11,gaia00prt_20250414.log,DGT,EURASIAN,41.106,-8.5891,287.8,4759095.62,-718818.8,4171491.32,,included,ITRF2014,,,,S,EUREF
GANP00SVK,Ganovce - Poprad,SVK,11515M001,included,2003-11-16,ganp00svk_20250416.log,GKU,EURASIAN,49.0347,20.3229,746.0,3929181.5,1455236.8,4793653.9,included,included,ITRF2014,IGS14,ITRF2020,,S,IGS
GELL00DEU,Gellin,DEU,10908M001,included,2016-08-14,gell00deu_20250502.log,BKG,EURASIAN,53.4503,14.3218,80.9,3688287.2,941628.1,5100608.2,,included,,,ITRF2020,,S,EUREF
GOET00DEU,Goettingen,DEU,10906M001,included,2021-12-12,goet00deu_20250502.log,BKG,EURASIAN,51.5002,9.9506,214.9,3918911.8,687523.9,4968545.6,,included,,,,,S,EUREF
GOP600CZE,Ondrejov,CZE,11502M006,included,2015-07-05,gop600cze_20250728.log,RIGTC GOP,EURASIAN,49.9137,14.7856,592.6,3979319.62,1050311.94,4857064.38,included,included,,,ITRF2020,,R,IGS
GOPE00CZE,Ondrejov,CZE,11502M002,included,1995-12-31,gope00cze_20250728.log,RIGTC GOP,EURASIAN,49.9137,14.7856,592.6,3979316.13,1050312.48,4857067.11,included,included,ITRF2014,,ITRF2020,,R,IGS
GOR200DEU,Gorleben,DEU,14115M002,included,2016-08-14,gor200deu_20250502.log,BKG,EURASIAN,53.0497,11.3496,61.7,3767159.9,756145.2,5073920.1,,included,,,ITRF2020,,S,EUREF
GRAC00FRA,Caussols,FRA,10002M010,included,2015-11-08,grac00fra_20240926.log,IGN_RGP,EURASIAN,43.7545,6.9208,1319.8,4581708.63,556132.23,4389340.93,included,included,,,ITRF2020,,S,IGS
GRAS00FRA,Caussols,FRA,10002M006,included,1995-12-31,gras00fra_20230713.log,CNES,EURASIAN,43.7547,6.9206,1319.3,4581690.84,556114.93,4389360.86,included,included,ITRF2014,IGS14,ITRF2020,IGS20,"R,S",IGS
GRAZ00AUT,Graz,AUT,11001M002,included,1995-12-31,graz00aut_20250515.log,BEV,EURASIAN,47.0671,15.4935,538.3,4194424.12,1162702.46,4647245.19,included,included,ITRF2014,IGS14,ITRF2020,IGS20,S,IGS
GVDG00GRC,Gavdos Island,GRC,12618M003,included,2024-07-14,gvdg00grc_20250826.log,CNES,AEGEAN SEA,34.8384,24.109,124.2,4783638.0,2140729.68,3623234.37,included,included,,,,,R,IGS
HEL200DEU,Helgoland Island,DEU,14264M002,included,2016-08-14,hel200deu_20250430.log,BKG,EURASIAN,54.1863,7.8765,92.2,3705182.9,512590.0,5148980.9,,included,,,,,S,EUREF
HELG00DEU,Helgoland Island,DEU,14264M001,included,1999-11-28,helg00deu_20250502.log,BKG,EURASIAN,54.1745,7.8931,48.4,3706067.0,513804.1,5148174.6,,included,ITRF2014,,ITRF2020,,S,EUREF
HERS00GBR,Hailsham,GBR,13212M007,included,1996-01-14,hers00gbr_20250325.log,NSGF,EURASIAN,50.8673,0.3362,76.5,4033471.33,23667.86,4924300.35,included,included,ITRF2014,IGS14,ITRF2020,IGS20,S,IGS
HETT00FIN,Hetta,FIN,10524M001,included,2018-09-30,hett00fin_20250805.log,FGI,EURASIAN,68.4067,23.6653,403.7,2156252.69,944971.33,5908310.84,,included,,,,,R,EUREF
HOFJ00DEU,Hof,DEU,14289M001,included,2016-08-14,hofj00deu_20250527.log,BKG,EURASIAN,50.3129,11.8759,614.9,3994171.0,839949.0,4885561.6,,included,,,ITRF2020,,S,EUREF
HOFN00ISL,Hoefn,ISL,10204M002,included,1997-09-28,hofn00isl_20250224.log,BKG,EURASIAN,64.2673,-15.1979,82.9,2679689.9,-727950.9,5722789.6,included,included,ITRF2014,IGS14,ITRF2020,IGS20,S,IGS
HUEL00ESP,Huelva,ESP,13451M001,included,2007-09-09,huel00esp_20240411.log,IGE,EURASIAN,37.2,-6.9203,81.8,5049613.1,-612885.6,3835143.8,,included,ITRF2014,,ITRF2020,,S,EUREF
IGEO00MDA,Chisinau,MDA,15101M001,included,2007-08-05,igeo00mda_20250526.log,INGEOCAD,EURASIAN,47.0304,28.8435,100.8,3814971.8,2101073.5,4644140.7,,included,,,,,S,EUREF
IJMU00NLD,Ijmuiden,NLD,13537M001,included,2016-05-29,ijmu00nld_20240906.log,KAD,EURASIAN,52.462,4.5561,54.1,3882053.27,309346.21,5034330.23,,included,ITRF2014,,ITRF2020,,R,EUREF
INVR00GBR,Inverness,GBR,13221M001,included,2009-04-19,invr00gbr_20230406.log,OS,EURASIAN,57.4863,-4.2193,65.5,3427172.0,-252834.0,5355255.0,,included,,,,,S,EUREF
ISTA00TUR,Istanbul,TUR,20807M001,included,2000-01-30,ista00tur_20250117.log,BKG,EURASIAN,41.1044,29.0193,147.2,4208830.46,2334850.14,4171267.18,included,included,ITRF2014,,ITRF2020,IGS20,S,IGS
IZAN00ESP,Guimar,ESP,31309M002,included,2009-01-18,izan00esp_20240411.log,IGE,AFRICAN,28.3081,-16.4997,2417.4,5390243.45,-1596630.08,3007752.76,,included,,,ITRF2020,,S,EUREF
JOE200FIN,Joensuu,FIN,10512M002,included,2017-03-19,joe200fin_20250514.log,FGI,EURASIAN,62.3911,30.0962,113.8,2564142.15,1486152.76,5628949.3,,included,,,,,R,EUREF
JOZ200POL,Jozefoslaw,POL,12204M002,included,2003-09-14,joz200pol_20210730.log,WUT,EURASIAN,52.0978,21.0323,152.3,3664881.0,1409190.0,5009618.0,included,included,ITRF2014,,ITRF2020,,S,IGS
KARL00DEU,Karlsruhe,DEU,14216M001,included,1998-08-30,karl00deu_20250502.log,BKG,EURASIAN,49.0112,8.4113,182.9,4146524.2,613138.3,4791517.3,,included,ITRF2014,,ITRF2020,,S,EUREF
KEV200FIN,Utsjoki,FIN,10515M002,included,2017-04-02,kev200fin_20250610.log,FGI,EURASIAN,69.756,27.0071,136.4,1972152.32,1005171.52,5961801.74,,included,,,,,R,EUREF
KILP00FIN,Kilpisjarvi,FIN,10525M001,included,2017-04-02,kilp00fin_20250717.log,FGI,EURASIAN,68.9416,20.9141,539.7,2147249.9,820562.31,5930137.17,,included,,,,,R,EUREF
KIR000SWE,Kiruna,SWE,10422M001,included,1996-11-03,kir000swe_20250811.log,LMV,EURASIAN,67.8776,21.0602,498.0,2248123.5,865686.53,5886425.59,included,included,ITRF2014,,ITRF2020,,S,IGS
KIV200FIN,Aanekoski,FIN,10516M002,included,2017-04-02,kiv200fin_20250411.log,FGI,EURASIAN,62.8199,25.7019,217.0,2632281.58,1266941.23,5651030.07,,included,,,,,R,EUREF
KLSQ00GRL,Kangerlussuaq,GRL,43015M001,included,2024-04-14,klsq00grl_20250815.log,DTU Space,NORTH AMERICAN,66.9956,-50.6202,353.2,1586032.32,-1932258.39,5848546.97,included,included,,,,,R,IGS
KOS100NLD,Kootwijk,NLD,13504M005,included,2016-04-17,kos100nld_20250806.log,KAD,EURASIAN,52.1734,5.8182,104.8,3899613.95,397361.59,5014738.67,included,included,,,ITRF2020,,R,IGS
KRA100POL,Krakow,POL,12218M002,included,2010-03-21,kra100pol_20231023.log,AGH-UST,EURASIAN,50.0661,19.9205,267.1,3856938.88,1397750.23,4867717.35,,included,,,,,S,EUREF
KUNZ00CZE,Kunzak,CZE,11524M001,included,2010-12-12,kunz00cze_20240827.log,RIGTC GOP,EURASIAN,49.1073,15.2009,703.3,4037498.0,1097035.0,4798910.0,,included,,,,,S,EUREF
KURE00EST,Kuressaare,EST,10604S001,included,2008-04-27,kure00est_20250710.log,ELB,EURASIAN,58.2556,22.5101,41.5,3107617.76,1287856.33,5400807.11,,included,,,ITRF2020,,S,EUREF
KUU200FIN,Kuusamo,FIN,10517M002,included,2018-09-30,kuu200fin_20250515.log,FGI,EURASIAN,65.9102,29.0336,379.2,2282711.76,1267076.73,5800214.89,,included,,,,,R,EUREF
LAGO00PRT,Lagos,PRT,13903M001,included,2001-02-11,lago00prt_20250415.log,DGT,EURASIAN,37.0989,-8.6684,62.7,5035246.68,-767657.38,3826194.04,,included,ITRF2014,,ITRF2020,,S,EUREF
LAMA00POL,Olsztyn,POL,12209M001,included,1995-12-31,lama00pol_20250108.log,UWM,EURASIAN,53.8924,20.6699,186.7,3524523.0,1329693.0,5129846.0,included,,ITRF2014,,ITRF2020,,S,IGS
LAMP00ITA,Lampedusa,ITA,12706M002,included,1999-06-20,lamp00ita_20250811.log,ASI,AFRICAN,35.4995,12.6057,57.8,5073182.34,1134516.39,3683155.96,,included,ITRF2014,,ITRF2020,,S,EUREF
LDB200DEU,Lindenberg,DEU,14114M002,included,2017-03-12,ldb200deu_20250505.log,BKG,EURASIAN,52.2091,14.1209,159.5,3798344.7,955553.3,5017221.9,,included,,,ITRF2020,,S,EUREF
LEIJ00DEU,Leipzig,DEU,14267M001,included,2016-08-14,leij00deu_20250616.log,BKG,EURASIAN,51.354,12.3741,178.4,3898736.2,855345.5,4958372.6,included,included,,,ITRF2020,,S,IGS
LEON00ESP,Leon,ESP,13475M001,included,2007-09-09,leon00esp_20240318.log,IGE,EURASIAN,42.5884,-5.651,970.3,4680871.4,-463168.4,4294606.6,,included,,,,,S,EUREF
LPAL00ESP,Roque de los Muchachos,ESP,81701M001,included,2002-05-12,lpal00esp_20240422.log,IGE,AFRICAN,28.764,-17.8938,2207.0,5326648.0,-1719828.0,3052056.0,included,included,ITRF2014,IGS14,ITRF2020,IGS20,S,IGS
M0SE00ITA,Roma,ITA,12772M001,included,2007-07-01,m0se00ita_20231205.log,AGG_DITS,EURASIAN,41.8931,12.4933,120.6,4642432.5,1028629.4,4236854.2,included,included,,,ITRF2020,IGS20,S,IGS
MALA00ESP,Malaga,ESP,13443M001,included,2005-11-13,mala00esp_20230724.log,IGE,EURASIAN,36.7261,-4.3935,119.8,5103282.26,-392096.54,3793147.05,,included,ITRF2014,,ITRF2020,,S,EUREF
MALL00ESP,Palma de Mallorca,ESP,13444M001,included,2001-01-21,mall00esp_20240411.log,IGE,EURASIAN,39.5526,2.6246,62.0,4919369.64,225499.6,4039849.56,included,included,ITRF2014,,ITRF2020,,S,IGS
MAR600SWE,Maartsbo,SWE,10405M002,included,1996-11-03,mar600swe_20250821.log,LMV,EURASIAN,60.5951,17.2585,75.4,2998189.71,931451.59,5533398.47,included,included,ITRF2014,IGS14,ITRF2020,IGS20,S,IGS
MAR700SWE,Gavle,SWE,10405M003,included,2016-01-31,mar700swe_20250819.log,LMV,EURASIAN,60.5951,17.2584,74.3,2998198.76,931449.71,5533392.64,included,included,,,,,S,IGS
MARS00FRA,Marseille,FRA,10073M008,included,1998-10-04,mars00fra_20240717.log,IGN_RGP,EURASIAN,43.2788,5.3538,61.7,4630532.8,433946.1,4350142.6,included,included,ITRF2014,,ITRF2020,,S,IGS
MATE00ITA,Matera,ITA,12734M008,included,1995-12-31,mate00ita_20250514.log,ASI,EURASIAN,40.6491,16.7045,535.6,4641949.71,1393045.3,4133287.33,included,included,ITRF2014,IGS14,ITRF2020,IGS20,S,IGS
MELI00ESP,Melilla,ESP,19379M001,included,2012-08-12,meli00esp_20240319.log,IGE,AFRICAN,35.2812,-2.9516,93.5,5205630.0,-268410.0,3663434.0,included,included,,,ITRF2020,IGS20,S,IGS
MET300FIN,Kirkkonummi,FIN,10503M010,included,2017-03-19,met300fin_20250307.log,FGI,EURASIAN,60.2175,24.3945,79.2,2892583.98,1311799.56,5512619.85,included,included,,,ITRF2020,IGS20,R,IGS
METG00FIN,METSAHOVI,FIN,10503M002,included,2018-05-13,metg00fin_20250826.log,CNES,EURASIAN,60.242,24.3842,59.7,2890652.52,1310295.52,5513958.85,included,included,,,ITRF2020,,R,IGS
MIK300FIN,Mikkeli,FIN,10526M001,included,2018-06-24,mik300fin_20250515.log,FGI,EURASIAN,61.5741,27.1028,167.3,2709831.93,1386860.95,5586222.94,,included,,,,,R,EUREF
MOP200SVK,Modra-Piesok,SVK,11507M002,included,2008-08-24,mop200svk_20250416.log,SUT,EURASIAN,48.3727,17.2738,581.3,4053743.0,1260570.0,4744940.0,,included,,,,,S,EUREF
NICO00CYP,Nicosia,CYP,14302M001,included,1997-06-22,nico00cyp_20250224.log,BKG,AFRICAN,35.141,33.3965,190.1,4359415.4,2874117.3,3650778.1,included,included,ITRF2014,IGS14,ITRF2020,IGS20,S,IGS
OLK200FIN,Rauma,FIN,10518M002,included,2018-06-24,olk200fin_20250307.log,FGI,EURASIAN,61.191,21.5058,39.4,2866981.12,1129668.95,5565665.82,,included,,,ITRF2020,,R,EUREF
ONSA00SWE,Onsala,SWE,10402M004,included,1995-12-31,onsa00swe_20221208.log,LMV,EURASIAN,57.3953,11.9255,45.5,3370658.83,711876.94,5349786.75,included,included,ITRF2014,IGS14,ITRF2020,IGS20,S,IGS
ORID00MKD,Ohrid,MKD,15601M001,included,2000-07-30,orid00mkd_20250122.log,AREC,EURASIAN,41.1273,20.794,773.0,4498451.81,1708266.83,4173591.78,included,included,ITRF2014,,ITRF2020,IGS20,S,IGS
ORIV00FIN,Orivesi,FIN,10527M001,included,2018-10-28,oriv00fin_20250307.log,FGI,EURASIAN,61.6163,24.2118,155.9,2772556.07,1246719.59,5588449.56,,included,,,,,R,EUREF
OSLS00NOR,Oslo,NOR,10307M001,included,2000-12-10,osls00nor_20241018.log,NMA,EURASIAN,59.7366,10.3678,221.5,3169982.15,579956.6,5485936.47,,included,ITRF2014,,ITRF2020,,S,EUREF
PASA00ESP,Pasaia,ESP,19351S001,included,2015-11-08,pasa00esp_20240418.log,GFA,EURASIAN,43.3218,-1.9315,67.3,4644909.24,-156645.17,4353622.78,,included,ITRF2014,,,,S,EUREF
PDEL00PRT,Ponta Delgada,PRT,31906M004,included,2001-02-11,pdel00prt_20250415.log,DGT,EURASIAN,37.7477,-25.6628,110.8,4551596.14,-2186893.42,3883410.68,included,included,ITRF2014,IGS14,ITRF2020,IGS20,S,IGS
PENC00HUN,Penc,HUN,11206M006,included,1996-03-03,penc00hun_20220622.log,SGO,EURASIAN,47.7896,19.2815,291.7,4052449.8,1417680.8,4701406.9,included,included,ITRF2014,,ITRF2020,IGS20,S,IGS
PYHA00FIN,Pyhajoki,FIN,10528M001,included,2018-10-28,pyha00fin_20250714.log,FGI,EURASIAN,64.4976,24.2376,26.3,2510901.14,1130426.7,5733838.62,,included,,,,,R,EUREF
QAQ100GRL,Qaqortoq / Julianehaab,GRL,43007M001,included,2002-09-08,qaq100grl_20250526.log,DTU Space,NORTH AMERICAN,60.7153,-46.0478,110.4,2170942.18,-2251829.95,5539988.29,included,included,ITRF2014,IGS14,ITRF2020,IGS20,R,IGS
RANT00DEU,Rantum / Island Sylt,DEU,10914M001,included,2015-05-24,rant00deu_20250502.log,BKG,EURASIAN,54.8106,8.2908,47.1,3645376.2,531202.1,5189297.1,,included,,,,,S,EUREF
RIO100ESP,Logrono,ESP,13448M002,included,2012-08-12,rio100esp_20250221.log,IGE,EURASIAN,42.4642,-2.4261,450.4,4708447.2,-199490.81,4284089.34,included,included,,,,,S,IGS
ROM200FIN,Kuhmo,FIN,10520M002,included,2017-04-02,rom200fin_20250609.log,FGI,EURASIAN,64.2174,29.9318,243.0,2410840.27,1388076.19,5720514.68,,included,,,,,R,EUREF
SALA00ESP,Salamanca,ESP,13469M001,included,2006-11-12,sala00esp_20240411.log,IGE,EURASIAN,40.9451,-5.4959,855.4,4803054.1,-462132.2,4158380.0,,included,,,,,S,EUREF
SAS200DEU,Sassnitz Island of Ruegen,DEU,14281M002,included,2016-09-11,sas200deu_20250505.log,BKG,EURASIAN,54.511,13.6431,39.2,3606364.5,875343.0,5170000.3,,included,,,,,S,EUREF
SAVU00FIN,Savukoski,FIN,10529M001,included,2018-10-28,savu00fin_20250613.log,FGI,EURASIAN,67.9608,28.9558,265.2,2100286.21,1162091.7,5889701.34,,included,,,,,R,EUREF
SCOA00FRA,Ciboure,FRA,10088M002,included,2010-03-28,scoa00fra_20240716.log,IGN_RGP,EURASIAN,43.3952,-1.6817,60.2,4639941.9,-136225.5,4359552.0,,included,ITRF2014,,ITRF2020,,S,EUREF
SCOR00GRL,Scoresbysund/Ittoqqoormiit,GRL,43006M002,included,2011-07-17,scor00grl_20250527.log,DTU Space,NORTH AMERICAN,70.4853,-21.9503,128.5,1982096.1,-798821.03,5989464.5,included,included,ITRF2014,IGS14,ITRF2020,IGS20,R,IGS
SHOE00GBR,Shoeburyness,GBR,19197M001,included,2017-03-19,shoe00gbr_20250513.log,OS,EURASIAN,51.5548,0.827,49.0,3973493.0,57358.0,4972193.0,,included,ITRF2014,,ITRF2020,,S,EUREF
SKE000SWE,Skellefteaa,SWE,10426M001,included,2003-10-05,ske000swe_20250826.log,LMV,EURASIAN,64.8792,21.0483,81.2,2534031.2,975174.4,5752078.34,,included,ITRF2014,,ITRF2020,,S,EUREF
SOD300FIN,Sodankyla,FIN,10513M002,included,2017-04-02,sod300fin_20250716.log,FGI,EURASIAN,67.4208,26.3893,300.8,2200149.22,1091650.85,5866868.64,included,included,,,ITRF2020,,R,IGS
SOFI00BGR,Sofia,BGR,11101M002,included,1997-06-22,sofi00bgr_20250307.log,BKG,EURASIAN,42.5561,23.3947,1119.6,4319372.39,1868687.57,4292063.8,included,included,ITRF2014,IGS14,ITRF2020,IGS20,S,IGS
SONS00ESP,Sonseca,ESP,13446M001,included,2007-09-09,sons00esp_20240319.log,IGE,EURASIAN,39.6754,-3.964,808.9,4904660.5,-339868.0,4050823.5,,included,,,,,S,EUREF
SPT000SWE,Boras,SWE,10425M001,included,2002-07-07,spt000swe_20221208.log,LMV,EURASIAN,57.715,12.8913,219.9,3328984.81,761910.07,5369033.47,included,included,ITRF2014,,ITRF2020,,S,IGS
SRJV00BIH,Sarajevo,BIH,11801S001,included,1999-11-28,srjv00bih_20240923.log,GDFCE,EURASIAN,43.8679,18.4139,645.1,4370292.0,1454981.0,4397965.0,,included,,,,,S,EUREF
STAS00NOR,Stavanger,NOR,10330M001,included,2000-12-10,stas00nor_20241018.log,NMA,EURASIAN,59.0177,5.5986,104.9,3275753.9,321110.86,5445041.88,,included,ITRF2014,,ITRF2020,,S,EUREF
SUN600SWE,Sundsvall,SWE,10440M002,included,2015-05-17,sun600swe_20250410.log,LMV,EURASIAN,62.2325,17.6598,32.3,2838911.3,903817.02,5620660.91,,included,,,,,S,EUREF
SUR400EST,Suurupi,EST,10601M002,included,2012-01-29,sur400est_20250612.log,ELB,EURASIAN,59.4636,24.3803,84.4,2959057.25,1341058.5,5470426.81,,included,,,,,S,EUREF
TERC00PRT,Angra do Heroismo,PRT,31909M001,included,2010-01-03,terc00prt_20240711.log,DGCC,EURASIAN,38.719,-27.153,406.9,4434022.31,-2274181.4,3968279.94,,included,ITRF2014,,,,S,EUREF
TERS00NLD,West-Terschelling,NLD,13534M001,included,1999-06-20,ters00nld_20230417.log,KAD,EURASIAN,53.3627,5.2194,56.1,3798580.87,346993.83,5094780.82,,included,ITRF2014,,ITRF2020,,R,EUREF
TERU00ESP,Teruel,ESP,13487M001,included,2008-09-28,teru00esp_20240607.log,IGE,EURASIAN,40.3505,-1.1243,956.2,4867391.68,-95523.89,4108341.28,,included,,,,,S,EUREF
THU200GRL,Pituffik Space Base,GRL,43001M002,included,2023-11-12,thu200grl_20250821.log,DTU Space,NORTH AMERICAN,76.537,-68.8251,36.2,538093.19,-1389088.13,6180979.36,included,included,,,,,R,IGS
TIT200DEU,Titz,DEU,14278M002,included,2019-12-15,tit200deu_20250502.log,BKG,EURASIAN,51.0352,6.4316,156.1,3993787.1,450204.2,4936131.8,included,included,,,ITRF2020,,S,IGS
TLSE00FRA,Toulouse,FRA,10003M009,included,2001-03-18,tlse00fra_20250820.log,CNES,EURASIAN,43.5607,1.4809,207.2,4627851.9,119638.55,4372993.54,included,included,ITRF2014,IGS14,ITRF2020,IGS20,R,IGS
TLSG00FRA,Toulouse,FRA,10003M034,included,2020-07-19,tlsg00fra_20250826.log,CNES,EURASIAN,43.5497,1.485,208.8,4628684.81,119997.08,4372110.31,included,included,,,ITRF2020,,R,IGS
TORI00ITA,Torino,ITA,12724M002,included,1999-01-31,tori00ita_20240318.log,POLITO,EURASIAN,45.0634,7.6613,310.7,4472544.44,601634.23,4492545.11,,,ITRF2014,,,,S,EUREF
TORN00FIN,Tornio,FIN,10530M001,included,2018-10-28,torn00fin_20250612.log,FGI,EURASIAN,66.0776,24.332,70.7,2363238.07,1068632.51,5807526.19,,included,,,,,R,EUREF
TRDS00NOR,Trondheim,NOR,10331M001,included,2000-12-10,trds00nor_20241018.log,NMA,EURASIAN,63.3714,10.3192,317.7,2820171.11,513485.91,5678935.75,,included,ITRF2014,,ITRF2020,,S,EUREF
TUO200FIN,Kaarina,FIN,10521M002,included,2018-10-28,tuo200fin_20250307.log,FGI,EURASIAN,60.4158,22.4433,59.4,2917812.77,1205216.52,5523549.06,,included,,,,,R,EUREF
USAL00ITA,Lecce,ITA,19527M001,included,2010-06-13,usal00ita_20240718.log,ASI,EURASIAN,40.3349,18.1115,66.6,4627539.84,1513540.02,4106446.89,,included,,,ITRF2020,,S,EUREF
VAA200FIN,Vaasa,FIN,10511M002,included,2017-04-02,vaa200fin_20250410.log,FGI,EURASIAN,62.9612,21.7706,58.4,2699867.81,1078261.64,5658064.0,,included,,,,,R,EUREF
VALA00ESP,Valladolid,ESP,13463M002,included,2008-04-20,vala00esp_20240229.log,ITACYL,EURASIAN,41.7025,-4.7083,765.9,4753521.68,-391505.62,4221500.53,,included,,,,,S,EUREF
VALE00ESP,Valencia,ESP,13439M001,included,2001-02-11,vale00esp_20241008.log,IGE,EURASIAN,39.4808,-0.3377,77.6,4929534.04,-29050.67,4033709.91,,included,ITRF2014,,ITRF2020,,S,EUREF
VARS00NOR,Vardoe,NOR,10322M002,included,2000-12-10,vars00nor_20241018.log,NMA,EURASIAN,70.3364,31.0312,174.8,1844607.62,1109719.11,5983936.01,,included,ITRF2014,,ITRF2020,,S,EUREF
VEN100ITA,Venezia,ITA,19513M001,included,2009-12-13,ven100ita_20240718.log,ASI,EURASIAN,45.4306,12.3541,58.9,4379845.49,959292.11,4521099.33,,included,ITRF2014,,ITRF2020,,S,EUREF
VFCH00FRA,Villefranche-sur-Cher,FRA,10046M001,included,2005-07-03,vfch00fra_20240716.log,IGN_RGP,EURASIAN,47.2942,1.7197,154.6,4331863.6,130055.2,4664122.6,,included,,,ITRF2020,,S,EUREF
VIGO00ESP,Vigo,ESP,13450M001,included,2005-11-13,vigo00esp_20230913.log,IGE,EURASIAN,42.184,-8.8131,87.8,4677481.06,-725205.07,4260827.17,,included,ITRF2014,,ITRF2020,,S,EUREF
VIR200FIN,Virolahti,FIN,10522M002,included,2017-03-19,vir200fin_20250307.log,FGI,EURASIAN,60.5388,27.5549,37.0,2788251.1,1454871.44,5530279.28,,included,,,,,R,EUREF
VIS000SWE,Visby,SWE,10423M001,included,1996-11-03,vis000swe_20250326.log,LMV,EURASIAN,57.6539,18.3673,79.8,3246470.56,1077900.31,5365277.9,included,included,ITRF2014,,ITRF2020,IGS20,S,IGS
VLIS00NLD,Vlissingen,NLD,13538M001,included,2016-05-15,vlis00nld_20240319.log,KAD,EURASIAN,51.4429,3.5973,54.4,3975805.22,249950.08,4964446.09,,included,ITRF2014,,ITRF2020,,R,EUREF
WARE00BEL,Waremme,BEL,13114M001,included,1996-01-14,ware00bel_20230310.log,ROB,EURASIAN,50.6899,5.2453,187.9,4031947.31,370150.91,4911905.9,,included,,,ITRF2020,,S,EUREF
WARN00DEU,Rostock-Warnemuende,DEU,14277M002,included,2003-10-26,warn00deu_20250623.log,BKG,EURASIAN,54.1698,12.1014,50.7,3658785.6,784471.1,5147870.7,included,included,ITRF2014,,ITRF2020,IGS20,S,IGS
WROC00POL,Wroclaw,POL,12217M001,included,1996-11-24,wroc00pol_20240812.log,IGG WUELS,EURASIAN,51.1133,17.062,180.3,3835751.0,1177249.0,4941605.0,included,included,ITRF2014,,ITRF2020,,R,IGS
WSRT00NLD,Westerbork,NLD,13506M005,included,1997-07-20,wsrt00nld_20231207.log,DUT,EURASIAN,52.9146,6.6045,86.0,3828739.0,443305.0,5064887.0,included,included,ITRF2014,IGS14,ITRF2020,IGS20,R,IGS
ZARA00ESP,Zaragoza,ESP,13462M001,included,2006-06-25,zara00esp_20230913.log,IGE,EURASIAN,41.6334,-0.8822,296.1,4773803.3,-73506.2,4215453.9,,included,,,ITRF2020,,S,EUREF
ZIM200CHE,Zimmerwald,CHE,14001M008,included,2007-12-16,zim200che_20250724.log,LPT,EURASIAN,46.8771,7.465,956.5,4331300.16,567537.08,4633133.51,included,,ITRF2014,IGS14,ITRF2020,IGS20,S,IGS
